aspect,category,total_count,pct_total,reddit_count,review_count
Weight Loss,benefit,1382,69.1,623,759
Glucose Control,benefit,1208,60.4,485,723
Nausea,side_effect,861,43.0,525,336
Confidence Wellbeing,benefit,791,39.6,379,412
Appetite Suppression,benefit,790,39.5,376,414
Injection Reactions,side_effect,748,37.4,561,187
Hair Loss,side_effect,699,34.9,593,106
Gastrointestinal,side_effect,672,33.6,383,289
Fatigue,side_effect,526,26.3,267,259
Headaches,side_effect,474,23.7,229,245
Energy Improvement,benefit,300,15.0,202,98
Mental Effects,side_effect,46,2.3,25,21
Cardiovascular Health,benefit,44,2.2,0,44
Ozempic Face,side_effect,0,0.0,0,0
Brain Fog,side_effect,0,0.0,0,0
